prediction_type,coverage_percentage,max_coverage_prediction_value
guide,0.8246875613216097,0.8182652197629486
initial,0.72689241979649,0.7256133957901933
refine,0.767144234480123,0.7649633345719503
