prediction_type,coverage_percentage,max_coverage_prediction_value
guide,0.842902301101111,0.7563495905684947
initial,0.7174081518455533,0.687270846184021
refine,0.784445186500038,0.7348477366218663
