file,predictor,prediction_type,execution_time,num_executions,initial_predictions_indexes,refined_predictions_indexes,guide_attempt,guided_predictions_indexes,covered_lines,num_covered_lines,total_lines,coverage_percentage,minimal_predictions_set,minimal_predictions_set_size,max_coverage_prediction,max_coverage_prediction_value,avg_exec_time
./so_snippets/snippet_333.py,GPTValuePredictor,initial,0.990114688873291,0,[],{},0,{},"{15117, 15118, 15119, 15120, 15121, 15122, 15123, 15124, 15125, 15126, 15127, 15129, 15130, 15131, 15132, 15133, 15134, 15135, 15136, 15137, 15138, 15139, 15140}",23,25,0.92,['snippet_333_initial'],1,snippet_333_initial,0.92,0.0
./so_snippets/snippet_333.py,GPTValuePredictor,refine,6.67572021484375e-06,0,[],{},0,{},"{15117, 15118, 15119, 15120, 15121, 15122, 15123, 15124, 15125, 15126, 15127, 15129, 15130, 15131, 15132, 15133, 15134, 15135, 15136, 15137, 15138, 15139, 15140}",23,25,0.92,['snippet_333_initial'],1,snippet_333_initial,0.92,0.0
./so_snippets/snippet_333.py,GPTValuePredictor,guide,148.17358708381653,100,[],{},10,"{0: [0, 1, 2, 3, 4, 5, 6, 7, 8, 9], 1: [0, 1, 2, 3, 4, 5, 6, 7, 8, 9], 2: [0, 1, 2, 3, 4, 5, 6, 7, 8, 9], 3: [0, 1, 2, 3, 4, 5, 6, 7, 8, 9], 4: [0, 1, 2, 3, 4, 5, 6, 7, 8, 9], 5: [0, 1, 2, 3, 4, 5, 6, 7, 8, 9], 6: [0, 1, 2, 3, 4, 5, 6, 7, 8, 9], 7: [0, 1, 2, 3, 4, 5, 6, 7, 8, 9], 8: [0, 1, 2, 3, 4, 5, 6, 7, 8, 9], 9: [0, 1, 2, 3, 4, 5, 6, 7, 8, 9]}","{15117, 15118, 15119, 15120, 15121, 15122, 15123, 15124, 15125, 15126, 15127, 15129, 15130, 15131, 15132, 15133, 15134, 15135, 15136, 15137, 15138, 15139, 15140}",23,25,0.92,['snippet_333_initial'],1,snippet_333_initial,0.92,1.4817358708381654
