file,predictor,prediction_type,execution_time,num_executions,initial_predictions_indexes,refined_predictions_indexes,guide_attempt,guided_predictions_indexes,covered_lines,num_covered_lines,total_lines,coverage_percentage,minimal_predictions_set,minimal_predictions_set_size,max_coverage_prediction,max_coverage_prediction_value,avg_exec_time
./so_snippets/snippet_665.py,GPTValuePredictor,initial,3.516575813293457,0,[],{},0,{},"{12169, 12171, 12173, 12175, 12176, 12177, 12178, 12179, 12180, 12181, 12182, 12183, 12184, 12186, 12189, 12190, 12191, 12192}",18,21,0.8571428571428571,['snippet_665_initial'],1,snippet_665_initial,0.8571428571428571,0.0
./so_snippets/snippet_665.py,GPTValuePredictor,refine,7.867813110351562e-06,0,[],{},0,{},"{12169, 12171, 12173, 12175, 12176, 12177, 12178, 12179, 12180, 12181, 12182, 12183, 12184, 12186, 12189, 12190, 12191, 12192}",18,21,0.8571428571428571,['snippet_665_initial'],1,snippet_665_initial,0.8571428571428571,0.0
./so_snippets/snippet_665.py,GPTValuePredictor,guide,572.7408578395844,100,[],{},10,"{0: [0, 1, 2, 3, 4, 5, 6, 7, 8, 9], 1: [0, 1, 2, 3, 4, 5, 6, 7, 8, 9], 2: [0, 1, 2, 3, 4, 5, 6, 7, 8, 9], 3: [0, 1, 2, 3, 4, 5, 6, 7, 8, 9], 4: [0, 1, 2, 3, 4, 5, 6, 7, 8, 9], 5: [0, 1, 2, 3, 4, 5, 6, 7, 8, 9], 6: [0, 1, 2, 3, 4, 5, 6, 7, 8, 9], 7: [0, 1, 2, 3, 4, 5, 6, 7, 8, 9], 8: [0, 1, 2, 3, 4, 5, 6, 7, 8, 9], 9: [0, 1, 2, 3, 4, 5, 6, 7, 8, 9]}","{12169, 12171, 12173, 12175, 12176, 12177, 12178, 12179, 12180, 12181, 12182, 12183, 12184, 12185, 12186, 12189, 12190, 12191, 12192}",19,21,0.9047619047619048,"['snippet_665_initial', 'snippet_665_guide_0_0']",2,snippet_665_initial,0.8571428571428571,5.727408578395844
