file,predictor,prediction_type,execution_time,num_executions,initial_predictions_indexes,refined_predictions_indexes,guide_attempt,guided_predictions_indexes,covered_lines,num_covered_lines,total_lines,coverage_percentage,minimal_predictions_set,minimal_predictions_set_size,max_coverage_prediction,max_coverage_prediction_value,avg_exec_time
./so_snippets/snippet_356.py,GPTValuePredictor,initial,0.9755992889404296,0,[],{},0,{},"{12672, 12673, 12674, 12676, 12677, 12678, 12679, 12680, 12681, 12686, 12687, 12688, 12689, 12690, 12691, 12692, 12667, 12668, 12669, 12670}",20,26,0.7692307692307693,['snippet_356_initial'],1,snippet_356_initial,0.7692307692307693,0.0
./so_snippets/snippet_356.py,GPTValuePredictor,refine,3.576278686523437e-06,0,[],{},0,{},"{12672, 12673, 12674, 12676, 12677, 12678, 12679, 12680, 12681, 12686, 12687, 12688, 12689, 12690, 12691, 12692, 12667, 12668, 12669, 12670}",20,26,0.7692307692307693,['snippet_356_initial'],1,snippet_356_initial,0.7692307692307693,0.0
./so_snippets/snippet_356.py,GPTValuePredictor,guide,230.9537706375122,100,[],{},10,"{0: [0, 1, 2, 3, 4, 5, 6, 7, 8, 9], 1: [0, 1, 2, 3, 4, 5, 6, 7, 8, 9], 2: [0, 1, 2, 3, 4, 5, 6, 7, 8, 9], 3: [0, 1, 2, 3, 4, 5, 6, 7, 8, 9], 4: [0, 1, 2, 3, 4, 5, 6, 7, 8, 9], 5: [0, 1, 2, 3, 4, 5, 6, 7, 8, 9], 6: [0, 1, 2, 3, 4, 5, 6, 7, 8, 9], 7: [0, 1, 2, 3, 4, 5, 6, 7, 8, 9], 8: [0, 1, 2, 3, 4, 5, 6, 7, 8, 9], 9: [0, 1, 2, 3, 4, 5, 6, 7, 8, 9]}","{12672, 12673, 12674, 12676, 12677, 12678, 12679, 12680, 12681, 12686, 12687, 12688, 12689, 12690, 12691, 12692, 12667, 12668, 12669, 12670}",20,26,0.7692307692307693,['snippet_356_initial'],1,snippet_356_initial,0.7692307692307693,2.309537706375122
