file,predictor,prediction_type,execution_time,num_executions,initial_predictions_indexes,refined_predictions_indexes,guide_attempt,guided_predictions_indexes,covered_lines,num_covered_lines,total_lines,coverage_percentage,minimal_predictions_set,minimal_predictions_set_size,max_coverage_prediction,max_coverage_prediction_value,avg_exec_time
./so_snippets/snippet_33.py,GPTValuePredictor,initial,10.499133825302124,4,[3],{},0,{},"{11840, 11841, 11842, 11844, 11845, 11847, 11848, 11850, 11851, 11852, 11853, 11854, 11855, 11856, 11857, 11858, 11859, 11860, 11861, 11862, 11863, 11864, 11865, 11866, 11867, 11868, 11869}",27,27,1.0,['snippet_33_initial_3'],1,snippet_33_initial_3,1.0,2.624783456325531
./so_snippets/snippet_33.py,GPTValuePredictor,refine,8.58306884765625e-06,0,[3],{},0,{},"{11840, 11841, 11842, 11844, 11845, 11847, 11848, 11850, 11851, 11852, 11853, 11854, 11855, 11856, 11857, 11858, 11859, 11860, 11861, 11862, 11863, 11864, 11865, 11866, 11867, 11868, 11869}",27,27,1.0,['snippet_33_initial_3'],1,snippet_33_initial_3,1.0,0.0
./so_snippets/snippet_33.py,GPTValuePredictor,guide,0.00028586387634277344,0,[3],{},0,{},"{11840, 11841, 11842, 11844, 11845, 11847, 11848, 11850, 11851, 11852, 11853, 11854, 11855, 11856, 11857, 11858, 11859, 11860, 11861, 11862, 11863, 11864, 11865, 11866, 11867, 11868, 11869}",27,27,1.0,['snippet_33_initial_3'],1,snippet_33_initial_3,1.0,0.0
