file,predictor,prediction_type,execution_time,num_executions,initial_predictions_indexes,refined_predictions_indexes,guide_attempt,guided_predictions_indexes,covered_lines,num_covered_lines,total_lines,coverage_percentage,minimal_predictions_set,minimal_predictions_set_size,max_coverage_prediction,max_coverage_prediction_value,avg_exec_time
./so_snippets/snippet_225.py,GPTValuePredictor,initial,0.9144454002380372,0,[],{},0,{},"{14613, 14614, 14615, 14616, 14617, 14618, 14622, 14623, 14624, 14625, 14626, 14627, 14628, 14629, 14630, 14631, 14632, 14633, 14634, 14635, 14636, 14637, 14638, 14639}",24,39,0.6153846153846154,['snippet_225_initial'],1,snippet_225_initial,0.6153846153846154,0.0
./so_snippets/snippet_225.py,GPTValuePredictor,refine,5.0067901611328125e-06,0,[],{},0,{},"{14613, 14614, 14615, 14616, 14617, 14618, 14622, 14623, 14624, 14625, 14626, 14627, 14628, 14629, 14630, 14631, 14632, 14633, 14634, 14635, 14636, 14637, 14638, 14639}",24,39,0.6153846153846154,['snippet_225_initial'],1,snippet_225_initial,0.6153846153846154,0.0
./so_snippets/snippet_225.py,GPTValuePredictor,guide,137.73157167434692,100,[],{},10,"{0: [0, 1, 2, 3, 4, 5, 6, 7, 8, 9], 1: [0, 1, 2, 3, 4, 5, 6, 7, 8, 9], 2: [0, 1, 2, 3, 4, 5, 6, 7, 8, 9], 3: [0, 1, 2, 3, 4, 5, 6, 7, 8, 9], 4: [0, 1, 2, 3, 4, 5, 6, 7, 8, 9], 5: [0, 1, 2, 3, 4, 5, 6, 7, 8, 9], 6: [0, 1, 2, 3, 4, 5, 6, 7, 8, 9], 7: [0, 1, 2, 3, 4, 5, 6, 7, 8, 9], 8: [0, 1, 2, 3, 4, 5, 6, 7, 8, 9], 9: [0, 1, 2, 3, 4, 5, 6, 7, 8, 9]}","{14613, 14614, 14615, 14616, 14617, 14618, 14622, 14623, 14624, 14625, 14626, 14627, 14628, 14629, 14630, 14631, 14632, 14633, 14634, 14635, 14636, 14637, 14638, 14639}",24,39,0.6153846153846154,['snippet_225_initial'],1,snippet_225_initial,0.6153846153846154,1.3773157167434693
