file,predictor,prediction_type,execution_time,num_executions,initial_predictions_indexes,refined_predictions_indexes,guide_attempt,guided_predictions_indexes,covered_lines,num_covered_lines,total_lines,coverage_percentage,minimal_predictions_set,minimal_predictions_set_size,max_coverage_prediction,max_coverage_prediction_value,avg_exec_time
./so_snippets/snippet_360.py,GPTValuePredictor,initial,1.595000982284546,0,[],{},0,{},"{12945, 12946, 12947, 12948, 12950, 12951, 12952, 12954, 12955, 12956, 12957, 12958, 12959, 12960, 12961, 12962, 12963, 12964, 12965, 12966, 12967, 12968, 12969, 12970, 12971, 12972, 12973, 12974, 12975, 12976, 12977}",31,33,0.9393939393939394,['snippet_360_initial'],1,snippet_360_initial,0.9393939393939394,0.0
./so_snippets/snippet_360.py,GPTValuePredictor,refine,3.576278686523437e-06,0,[],{},0,{},"{12945, 12946, 12947, 12948, 12950, 12951, 12952, 12954, 12955, 12956, 12957, 12958, 12959, 12960, 12961, 12962, 12963, 12964, 12965, 12966, 12967, 12968, 12969, 12970, 12971, 12972, 12973, 12974, 12975, 12976, 12977}",31,33,0.9393939393939394,['snippet_360_initial'],1,snippet_360_initial,0.9393939393939394,0.0
./so_snippets/snippet_360.py,GPTValuePredictor,guide,195.59029388427734,100,[],{},10,"{0: [0, 1, 2, 3, 4, 5, 6, 7, 8, 9], 1: [0, 1, 2, 3, 4, 5, 6, 7, 8, 9], 2: [0, 1, 2, 3, 4, 5, 6, 7, 8, 9], 3: [0, 1, 2, 3, 4, 5, 6, 7, 8, 9], 4: [0, 1, 2, 3, 4, 5, 6, 7, 8, 9], 5: [0, 1, 2, 3, 4, 5, 6, 7, 8, 9], 6: [0, 1, 2, 3, 4, 5, 6, 7, 8, 9], 7: [0, 1, 2, 3, 4, 5, 6, 7, 8, 9], 8: [0, 1, 2, 3, 4, 5, 6, 7, 8, 9], 9: [0, 1, 2, 3, 4, 5, 6, 7, 8, 9]}","{12945, 12946, 12947, 12948, 12950, 12951, 12952, 12954, 12955, 12956, 12957, 12958, 12959, 12960, 12961, 12962, 12963, 12964, 12965, 12966, 12967, 12968, 12969, 12970, 12971, 12972, 12973, 12974, 12975, 12976, 12977}",31,33,0.9393939393939394,['snippet_360_initial'],1,snippet_360_initial,0.9393939393939394,1.9559029388427733
