file,predictor,prediction_type,execution_time,num_executions,initial_predictions_indexes,refined_predictions_indexes,guide_attempt,guided_predictions_indexes,covered_lines,num_covered_lines,total_lines,coverage_percentage,minimal_predictions_set,minimal_predictions_set_size,max_coverage_prediction,max_coverage_prediction_value,avg_exec_time
./so_snippets/snippet_363.py,GPTValuePredictor,initial,14.868980646133425,10,"[0, 1, 2, 3, 4, 5, 6, 7, 8, 9]",{},0,{},"{14987, 14989, 14991, 14992, 14993, 14994, 14995, 14996, 14997, 14998, 14999, 15000, 15001, 15002, 15003, 15004, 15005}",17,18,0.9444444444444444,['snippet_363_initial_0'],1,snippet_363_initial_0,0.9444444444444444,1.4868980646133425
./so_snippets/snippet_363.py,GPTValuePredictor,refine,6.9141387939453125e-06,0,"[0, 1, 2, 3, 4, 5, 6, 7, 8, 9]",{},0,{},"{14987, 14989, 14991, 14992, 14993, 14994, 14995, 14996, 14997, 14998, 14999, 15000, 15001, 15002, 15003, 15004, 15005}",17,18,0.9444444444444444,['snippet_363_initial_0'],1,snippet_363_initial_0,0.9444444444444444,0.0
./so_snippets/snippet_363.py,GPTValuePredictor,guide,155.35359907150269,100,"[0, 1, 2, 3, 4, 5, 6, 7, 8, 9]",{},10,"{0: [0, 1, 2, 3, 4, 5, 6, 7, 8, 9], 1: [0, 1, 2, 3, 4, 5, 6, 7, 8, 9], 2: [0, 1, 2, 3, 4, 5, 6, 7, 8, 9], 3: [0, 1, 2, 3, 4, 5, 6, 7, 8, 9], 4: [0, 1, 2, 3, 4, 5, 6, 7, 8, 9], 5: [0, 1, 2, 3, 4, 5, 6, 7, 8, 9], 6: [0, 1, 2, 3, 4, 5, 6, 7, 8, 9], 7: [0, 1, 2, 3, 4, 5, 6, 7, 8, 9], 8: [0, 1, 2, 3, 4, 5, 6, 7, 8, 9], 9: [0, 1, 2, 3, 4, 5, 6, 7, 8, 9]}","{14987, 14989, 14991, 14992, 14993, 14994, 14995, 14996, 14997, 14998, 14999, 15000, 15001, 15002, 15003, 15004, 15005}",17,18,0.9444444444444444,['snippet_363_initial_0'],1,snippet_363_initial_0,0.9444444444444444,1.5535359907150268
