prediction_type,coverage_percentage,max_coverage_prediction_value
guide,0.7927893577162402,0.7334074810080055
initial,0.6449413214858397,0.6282058097165099
refine,0.7418536741363264,0.7096263607841838
