prediction_type,coverage_percentage,max_coverage_prediction_value
guide,0.791400485607182,0.784085761606509
initial,0.6982515560906913,0.6966582419973772
refine,0.7226960239604839,0.7199302711947311
