file,predictor,prediction_type,execution_time,num_executions,initial_predictions_indexes,refined_predictions_indexes,guide_attempt,guided_predictions_indexes,covered_lines,num_covered_lines,total_lines,coverage_percentage,minimal_predictions_set,minimal_predictions_set_size,max_coverage_prediction,max_coverage_prediction_value,avg_exec_time
./so_snippets/snippet_360.py,GPTValuePredictor,initial,1.118190050125122,0,[],{},0,{},"{3328, 3329, 3330, 3331, 3332, 3333, 3334, 3335, 3336, 3337, 3338, 3306, 3307, 3308, 3309, 3311, 3312, 3313, 3315, 3316, 3317, 3318, 3319, 3320, 3321, 3322, 3323, 3324, 3325, 3326, 3327}",31,33,0.9393939393939394,['snippet_360_initial'],1,snippet_360_initial,0.9393939393939394,0.0
./so_snippets/snippet_360.py,GPTValuePredictor,refine,9.298324584960938e-06,0,[],{},0,{},"{3328, 3329, 3330, 3331, 3332, 3333, 3334, 3335, 3336, 3337, 3338, 3306, 3307, 3308, 3309, 3311, 3312, 3313, 3315, 3316, 3317, 3318, 3319, 3320, 3321, 3322, 3323, 3324, 3325, 3326, 3327}",31,33,0.9393939393939394,['snippet_360_initial'],1,snippet_360_initial,0.9393939393939394,0.0
./so_snippets/snippet_360.py,GPTValuePredictor,guide,155.23652529716492,100,[],{},10,"{0: [0, 1, 2, 3, 4, 5, 6, 7, 8, 9], 1: [0, 1, 2, 3, 4, 5, 6, 7, 8, 9], 2: [0, 1, 2, 3, 4, 5, 6, 7, 8, 9], 3: [0, 1, 2, 3, 4, 5, 6, 7, 8, 9], 4: [0, 1, 2, 3, 4, 5, 6, 7, 8, 9], 5: [0, 1, 2, 3, 4, 5, 6, 7, 8, 9], 6: [0, 1, 2, 3, 4, 5, 6, 7, 8, 9], 7: [0, 1, 2, 3, 4, 5, 6, 7, 8, 9], 8: [0, 1, 2, 3, 4, 5, 6, 7, 8, 9], 9: [0, 1, 2, 3, 4, 5, 6, 7, 8, 9]}","{3328, 3329, 3330, 3331, 3332, 3333, 3334, 3335, 3336, 3337, 3338, 3306, 3307, 3308, 3309, 3311, 3312, 3313, 3315, 3316, 3317, 3318, 3319, 3320, 3321, 3322, 3323, 3324, 3325, 3326, 3327}",31,33,0.9393939393939394,['snippet_360_initial'],1,snippet_360_initial,0.9393939393939394,1.5523652529716492
