file,predictor,prediction_type,execution_time,num_executions,initial_predictions_indexes,refined_predictions_indexes,guide_attempt,guided_predictions_indexes,covered_lines,num_covered_lines,total_lines,coverage_percentage,minimal_predictions_set,minimal_predictions_set_size,max_coverage_prediction,max_coverage_prediction_value,avg_exec_time
./so_snippets/snippet_225.py,GPTValuePredictor,initial,0.9668684005737304,0,[],{},0,{},"{2884, 2885, 2886, 2887, 2888, 2889, 2893, 2894, 2895, 2896, 2897, 2898, 2899, 2900, 2901, 2902, 2903, 2904, 2905, 2906, 2907, 2908, 2909, 2910}",24,39,0.6153846153846154,['snippet_225_initial'],1,snippet_225_initial,0.6153846153846154,0.0
./so_snippets/snippet_225.py,GPTValuePredictor,refine,5.4836273193359375e-06,0,[],{},0,{},"{2884, 2885, 2886, 2887, 2888, 2889, 2893, 2894, 2895, 2896, 2897, 2898, 2899, 2900, 2901, 2902, 2903, 2904, 2905, 2906, 2907, 2908, 2909, 2910}",24,39,0.6153846153846154,['snippet_225_initial'],1,snippet_225_initial,0.6153846153846154,0.0
./so_snippets/snippet_225.py,GPTValuePredictor,guide,130.24622416496277,100,[],{},10,"{0: [0, 1, 2, 3, 4, 5, 6, 7, 8, 9], 1: [0, 1, 2, 3, 4, 5, 6, 7, 8, 9], 2: [0, 1, 2, 3, 4, 5, 6, 7, 8, 9], 3: [0, 1, 2, 3, 4, 5, 6, 7, 8, 9], 4: [0, 1, 2, 3, 4, 5, 6, 7, 8, 9], 5: [0, 1, 2, 3, 4, 5, 6, 7, 8, 9], 6: [0, 1, 2, 3, 4, 5, 6, 7, 8, 9], 7: [0, 1, 2, 3, 4, 5, 6, 7, 8, 9], 8: [0, 1, 2, 3, 4, 5, 6, 7, 8, 9], 9: [0, 1, 2, 3, 4, 5, 6, 7, 8, 9]}","{2884, 2885, 2886, 2887, 2888, 2889, 2893, 2894, 2895, 2896, 2897, 2898, 2899, 2900, 2901, 2902, 2903, 2904, 2905, 2906, 2907, 2908, 2909, 2910}",24,39,0.6153846153846154,['snippet_225_initial'],1,snippet_225_initial,0.6153846153846154,1.3024622416496277
