file,predictor,prediction_type,execution_time,num_executions,initial_predictions_indexes,refined_predictions_indexes,guide_attempt,guided_predictions_indexes,covered_lines,num_covered_lines,total_lines,coverage_percentage,minimal_predictions_set,minimal_predictions_set_size,max_coverage_prediction,max_coverage_prediction_value,avg_exec_time
./popular_projects_snippets_dataset/flask/bodies/body_111.py,GPTValuePredictor,initial,23.763468265533447,10,"[7, 9]",{},0,{},"{22657, 22658, 22659, 22660, 22662, 22664, 22665, 22666, 22630, 22631, 22633, 22634, 22635, 22636, 22637, 22640, 22641, 22642, 22643, 22644, 22645, 22646, 22647, 22648, 22649, 22650, 22651, 22653, 22654, 22655}",30,36,0.8333333333333334,"['body_111_initial_0', 'body_111_initial_5', 'body_111_initial_7']",3,body_111_initial_5,0.6944444444444444,2.3763468265533447
./popular_projects_snippets_dataset/flask/bodies/body_111.py,GPTValuePredictor,refine,397.325160741806,80,"[7, 9]","{0: [], 1: [], 2: [7, 9], 3: [], 4: [], 5: [6], 6: [], 8: []}",0,{},"{22656, 22657, 22658, 22659, 22660, 22662, 22664, 22665, 22666, 22630, 22631, 22633, 22634, 22635, 22636, 22637, 22638, 22639, 22640, 22641, 22642, 22643, 22644, 22645, 22646, 22647, 22648, 22649, 22650, 22651, 22652, 22653, 22654, 22655}",34,36,0.9444444444444444,"['body_111_initial_0', 'body_111_initial_5', 'body_111_initial_7', 'body_111_refine_0_0', 'body_111_refine_1_9']",5,body_111_initial_5,0.6944444444444444,4.966564509272575
./popular_projects_snippets_dataset/flask/bodies/body_111.py,GPTValuePredictor,guide,292.489953994751,100,"[7, 9]","{0: [], 1: [], 2: [7, 9], 3: [], 4: [], 5: [6], 6: [], 8: []}",10,"{0: [0], 1: [0, 1, 2, 5, 9], 2: [0, 1, 2, 3, 4, 5, 6, 7], 3: [0, 1, 2, 3, 4, 5, 6, 7, 8, 9], 4: [0, 1, 2, 3, 4, 5, 6, 7, 8, 9], 5: [0, 1, 2, 3, 5, 6, 7], 6: [0, 1, 2, 6, 7, 8], 7: [2, 3, 4, 5, 6, 7, 8, 9], 8: [1, 3, 4, 6], 9: []}","{22656, 22657, 22658, 22659, 22660, 22662, 22664, 22665, 22666, 22630, 22631, 22633, 22634, 22635, 22636, 22637, 22638, 22639, 22640, 22641, 22642, 22643, 22644, 22645, 22646, 22647, 22648, 22649, 22650, 22651, 22652, 22653, 22654, 22655}",34,36,0.9444444444444444,"['body_111_initial_0', 'body_111_initial_5', 'body_111_initial_7', 'body_111_refine_0_0', 'body_111_refine_1_9']",5,body_111_initial_5,0.6944444444444444,2.9248995399475097
