file,predictor,prediction_type,execution_time,num_executions,initial_predictions_indexes,refined_predictions_indexes,guide_attempt,guided_predictions_indexes,covered_lines,num_covered_lines,total_lines,coverage_percentage,minimal_predictions_set,minimal_predictions_set_size,max_coverage_prediction,max_coverage_prediction_value,avg_exec_time
./popular_projects_snippets_dataset/pandas/bodies/body_16320.py,GPTValuePredictor,initial,78.42403197288513,1,[0],{},0,{},"{20544, 20545, 20546, 20547, 20548, 20549, 20550, 20551, 20552, 20553, 20554, 20555, 20556, 20557, 20558, 20559, 20560, 20561, 20562, 20563, 20564, 20565, 20536, 20537, 20538, 20539, 20540, 20541, 20542, 20543}",30,30,1.0,['body_16320_initial_0'],1,body_16320_initial_0,1.0,78.42403197288513
./popular_projects_snippets_dataset/pandas/bodies/body_16320.py,GPTValuePredictor,refine,3.814697265625e-06,0,[0],{},0,{},"{20544, 20545, 20546, 20547, 20548, 20549, 20550, 20551, 20552, 20553, 20554, 20555, 20556, 20557, 20558, 20559, 20560, 20561, 20562, 20563, 20564, 20565, 20536, 20537, 20538, 20539, 20540, 20541, 20542, 20543}",30,30,1.0,['body_16320_initial_0'],1,body_16320_initial_0,1.0,0.0
./popular_projects_snippets_dataset/pandas/bodies/body_16320.py,GPTValuePredictor,guide,0.00020575523376464844,0,[0],{},0,{},"{20544, 20545, 20546, 20547, 20548, 20549, 20550, 20551, 20552, 20553, 20554, 20555, 20556, 20557, 20558, 20559, 20560, 20561, 20562, 20563, 20564, 20565, 20536, 20537, 20538, 20539, 20540, 20541, 20542, 20543}",30,30,1.0,['body_16320_initial_0'],1,body_16320_initial_0,1.0,0.0
