file,predictor,prediction_type,execution_time,num_executions,initial_predictions_indexes,refined_predictions_indexes,guide_attempt,guided_predictions_indexes,covered_lines,num_covered_lines,total_lines,coverage_percentage,minimal_predictions_set,minimal_predictions_set_size,max_coverage_prediction,max_coverage_prediction_value,avg_exec_time
./popular_projects_snippets_dataset/black/bodies/body_184.py,GPTValuePredictor,initial,48.382298946380615,10,[],{},0,{},"{19206, 19207, 19208, 19209, 19210, 19211, 19212, 19213, 19214, 19215, 19216, 19217, 19220, 19221, 19223, 19227, 19228, 19231, 19232, 19233, 19234, 19235, 19237, 19239, 19240, 19241, 19242}",27,37,0.7297297297297297,"['body_184_initial_0', 'body_184_initial_1', 'body_184_initial_9']",3,body_184_initial_9,0.7297297297297297,4.8382298946380615
./popular_projects_snippets_dataset/black/bodies/body_184.py,GPTValuePredictor,refine,428.2257640361786,100,[],"{0: [], 1: [], 2: [], 3: [], 4: [], 5: [], 6: [], 7: [], 8: [], 9: []}",0,{},"{19206, 19207, 19208, 19209, 19210, 19211, 19212, 19213, 19214, 19215, 19216, 19217, 19219, 19220, 19221, 19223, 19224, 19226, 19227, 19228, 19231, 19232, 19233, 19234, 19235, 19236, 19237, 19238, 19239, 19240, 19241, 19242}",32,37,0.8648648648648649,"['body_184_initial_0', 'body_184_initial_1', 'body_184_initial_9', 'body_184_refine_1_0', 'body_184_refine_1_3', 'body_184_refine_2_1']",6,body_184_initial_9,0.7297297297297297,4.282257640361786
./popular_projects_snippets_dataset/black/bodies/body_184.py,GPTValuePredictor,guide,445.78861951828003,100,[],"{0: [], 1: [], 2: [], 3: [], 4: [], 5: [], 6: [], 7: [], 8: [], 9: []}",10,"{0: [], 1: [], 2: [], 3: [], 4: [], 5: [], 6: [], 7: [], 8: [], 9: []}","{19206, 19207, 19208, 19209, 19210, 19211, 19212, 19213, 19214, 19215, 19216, 19217, 19219, 19220, 19221, 19223, 19224, 19226, 19227, 19228, 19231, 19232, 19233, 19234, 19235, 19236, 19237, 19238, 19239, 19240, 19241, 19242}",32,37,0.8648648648648649,"['body_184_initial_0', 'body_184_initial_1', 'body_184_initial_9', 'body_184_refine_1_0', 'body_184_refine_1_3', 'body_184_refine_2_1']",6,body_184_initial_9,0.7297297297297297,4.4578861951828
