file,predictor,prediction_type,execution_time,num_executions,initial_predictions_indexes,refined_predictions_indexes,guide_attempt,guided_predictions_indexes,covered_lines,num_covered_lines,total_lines,coverage_percentage,minimal_predictions_set,minimal_predictions_set_size,max_coverage_prediction,max_coverage_prediction_value,avg_exec_time
./popular_projects_snippets_dataset/pandas/bodies/body_1008.py,GPTValuePredictor,initial,76.27861762046814,1,[0],{},0,{},"{16704, 16705, 16706, 16707, 16708, 16709, 16710, 16711, 16712, 16713, 16714, 16715, 16716, 16717, 16718, 16719, 16720, 16721, 16722, 16723, 16724, 16725, 16726, 16727, 16700, 16701, 16702, 16703}",28,28,1.0,['body_1008_initial_0'],1,body_1008_initial_0,1.0,76.27861762046814
./popular_projects_snippets_dataset/pandas/bodies/body_1008.py,GPTValuePredictor,refine,6.67572021484375e-06,0,[0],{},0,{},"{16704, 16705, 16706, 16707, 16708, 16709, 16710, 16711, 16712, 16713, 16714, 16715, 16716, 16717, 16718, 16719, 16720, 16721, 16722, 16723, 16724, 16725, 16726, 16727, 16700, 16701, 16702, 16703}",28,28,1.0,['body_1008_initial_0'],1,body_1008_initial_0,1.0,0.0
./popular_projects_snippets_dataset/pandas/bodies/body_1008.py,GPTValuePredictor,guide,0.00023412704467773438,0,[0],{},0,{},"{16704, 16705, 16706, 16707, 16708, 16709, 16710, 16711, 16712, 16713, 16714, 16715, 16716, 16717, 16718, 16719, 16720, 16721, 16722, 16723, 16724, 16725, 16726, 16727, 16700, 16701, 16702, 16703}",28,28,1.0,['body_1008_initial_0'],1,body_1008_initial_0,1.0,0.0
